[
  [
    {
      "a": 7,
      "w": 1.5
    },
    "Tab",
    "Q",
    "W",
    "E",
    "R",
    "T",
    "Y",
    "U",
    "I",
    "O",
    "P",
    {
      "w": 1.75
    },
    "Backspace"
  ],
  [
    {
      "w": 1.75
    },
    "Caps Lock",
    "A",
    "S",
    "D",
    "F",
    "G",
    "H",
    "J",
    "K",
    "L",
    {
      "w": 2.5
    },
    "Enter"
  ],
  [
    {
      "w": 2.25
    },
    "Shift",
    "Z",
    "X",
    "C",
    "V",
    "B",
    "N",
    "M",
    {
      "a": 5
    },
    "\n,\n\n\n\n\n<",
    "\n.\n\n\n\n\n>",
    {
      "a": 7
    },
    "",
    "Shift"
  ],
  [
    {
      "a": 5,
      "w": 1.25
    },
    "CTRL",
    "M03",
    {
      "w": 1.25
    },
    "ALT",
    {
      "w": 2.25
    },
    "Space",
    "M01",
    {
      "w": 2.25
    },
    "Space",
    {
      "w": 1.25
    },
    "MO2",
    {
      "a": 7
    },
    "",
    "",
    ""
  ]
]